{"sample_images":{"height":5000,"format":"jpg","count":2,"filenames":["media/images/sample_images_0_cd222fa9338ea692e3fa.jpg","media/images/sample_images_0_f8539f2253d52102a519.jpg"],"_type":"images/separated","width":5000},"train_loss":1.2771992683410645,"train_accuracy":0.5,"_timestamp":1.7489426595758657e+09,"_wandb":{"runtime":41380},"_runtime":18132.6987533,"_step":46950,"val_accuracy":0.6658,"batch":46899,"epoch":50}