{"batch":18759,"train_accuracy":0.8125,"val_accuracy":0.8469,"sample_images":{"height":5000,"format":"jpg","count":2,"filenames":["media/images/sample_images_0_cd222fa9338ea692e3fa.jpg","media/images/sample_images_0_f8539f2253d52102a519.jpg"],"_type":"images/separated","width":5000},"_runtime":4967.7445456,"_timestamp":1.7489772757707748e+09,"_wandb":{"runtime":29808},"train_loss":0.6575122475624084,"epoch":20,"_step":18780}