{"sample_images":{"width":5000,"height":5000,"format":"jpg","count":2,"filenames":["media/images/sample_images_0_cd222fa9338ea692e3fa.jpg","media/images/sample_images_0_f8539f2253d52102a519.jpg"],"_type":"images/separated"},"_timestamp":1.7489721338535347e+09,"_runtime":339.0149446,"_step":938,"train_accuracy":0.6875,"train_loss":0.9404857754707336,"batch":937,"_wandb":{"runtime":512}}