{"_runtime":1936.1721349,"val_accuracy":0.5033,"epoch":5,"batch":4689,"_timestamp":1.7489240859739897e+09,"train_loss":1.238811731338501,"train_accuracy":0.5625,"sample_images":{"width":5000,"height":5000,"format":"jpg","count":2,"filenames":["media/images/sample_images_0_cd222fa9338ea692e3fa.jpg","media/images/sample_images_0_f8539f2253d52102a519.jpg"],"_type":"images/separated"},"_step":4695,"_wandb":{"runtime":2368}}